layer,head,pair_count,mean_delta,max_delta,min_delta,flip_rate
12,5,18,-0.3057996961805556,-0.123046875,-0.419921875,0.0
13,0,18,-0.2402072482638889,-0.1015625,-0.3515625,0.0
13,30,18,-0.051106770833333336,0.015625,-0.115234375,0.0
12,2,18,-0.026041666666666668,0.099609375,-0.13671875,0.0
13,12,18,0.03152126736111111,0.2109375,-0.158203125,0.0
13,11,18,0.4615342881944444,0.671875,0.20703125,0.0
