layer,head,pair_count,mean_delta,max_delta,min_delta,flip_rate
0,23,18,-0.0944552951388889,0.0712890625,-0.2421875,0.8888888888888888
0,8,18,-0.029866536458333332,0.193359375,-0.154296875,0.7777777777777778
0,11,18,0.0930447048611111,0.380859375,-0.2001953125,0.7777777777777778
0,9,18,0.048041449652777776,0.3837890625,-0.408203125,0.7222222222222222
