layer,head,pair_count,mean_delta,max_delta,min_delta,flip_rate
0,23,18,-0.09461805555555555,0.064453125,-0.2509765625,0.8888888888888888
0,8,18,-0.029568142361111112,0.18896484375,-0.15234375,0.7777777777777778
0,11,18,0.0934787326388889,0.3798828125,-0.203125,0.7777777777777778
0,9,18,0.047281901041666664,0.37646484375,-0.4208984375,0.7222222222222222
