layer,head,pair_count,mean_delta,max_delta,min_delta,flip_rate
13,0,18,-0.11260308159722222,0.087890625,-0.294921875,0.0
12,5,18,-0.096923828125,0.228515625,-0.310546875,0.0
13,12,18,-0.0705837673611111,0.15234375,-0.265625,0.0
12,2,18,-0.027452256944444444,0.1533203125,-0.1669921875,0.0
13,30,18,-0.011284722222222222,0.0859375,-0.115234375,0.0
13,11,18,0.16341145833333334,0.37109375,-0.08203125,0.0
