layer,component,pair_count,mean_delta,max_delta,min_delta,flip_rate,mean_base_logit_diff
13,attn,18,-4.565104166666667,-0.984375,-8.890625,0.7222222222222222,3.9244791666666665
12,attn,18,-4.396701388888889,-0.84375,-9.59375,0.7777777777777778,3.9244791666666665
11,attn,18,-1.9240451388888888,0.421875,-4.984375,0.1111111111111111,3.9244791666666665
