layer,head,base_logit_diff,patched_logit_diff,delta_logit_diff,effect_pct,pair_idx,benign_filename,malicious_filename,base_benign_logit_diff,flip_to_benign
0,11,-0.7607421875,-0.8955078125,-0.134765625,-17.715019255455715,1,1735.ps1,3321.ps1,-0.369140625,True
0,8,-0.7607421875,-0.8037109375,-0.04296875,-5.648267008985879,1,1735.ps1,3321.ps1,-0.369140625,True
0,9,-0.7607421875,-0.8017578125,-0.041015625,-5.391527599486521,1,1735.ps1,3321.ps1,-0.369140625,True
0,23,-0.7607421875,-0.689453125,0.0712890625,9.370988446726573,1,1735.ps1,3321.ps1,-0.369140625,True
