layer,neuron,pair_count,mean_delta,max_delta,min_delta,flip_rate,mean_base_logit_diff
6,2874,18,-0.025607638888888888,0.015625,-0.0625,0.0,3.9244791666666665
6,2922,18,-0.012152777777777778,0.078125,-0.140625,0.0,3.9244791666666665
6,6945,18,0.025607638888888888,0.171875,-0.03125,0.0,3.9244791666666665
10,5997,18,0.010850694444444444,0.0625,-0.046875,0.0,3.9244791666666665
10,1970,18,0.016493055555555556,0.078125,-0.03125,0.0,3.9244791666666665
10,9925,18,0.0954861111111111,0.3203125,-0.03125,0.0,3.9244791666666665
13,4432,18,-0.014322916666666666,0.03125,-0.1015625,0.0,3.9244791666666665
13,7917,18,-0.004340277777777778,0.046875,-0.078125,0.0,3.9244791666666665
13,6560,18,0.1480034722222222,0.328125,0.046875,0.0,3.9244791666666665
