layer,resid_kind,subspace_dim,pair_count,mean_delta,max_delta,min_delta,flip_rate,mean_base_logit_diff
12,pre,1,18,-0.08854166666666667,0.296875,-0.4375,0.0,3.9244791666666665
12,pre,2,18,-0.010850694444444444,0.515625,-0.421875,0.0,3.9244791666666665
12,pre,4,18,0.0030381944444444445,0.625,-1.078125,0.05555555555555555,3.9244791666666665
12,pre,8,18,-0.030381944444444444,0.65625,-1.171875,0.05555555555555555,3.9244791666666665
