patch_label,pair_count,mean_delta,max_delta,min_delta,flip_rate,mean_base_logit_diff
attn12+attn13,18,-5.741319444444445,-1.671875,-11.09375,0.9444444444444444,3.9244791666666665
h0.11+h0.9+attn12+attn13+resid_pre12,18,-3.6300455729166665,2.20703125,-12.421875,0.4444444444444444,3.9244791666666665
resid_pre12,18,-3.4422743055555554,2.962890625,-12.390625,0.4444444444444444,3.9244791666666665
h0.11+h0.9,18,-0.5334201388888888,0.296875,-2.140625,0.1111111111111111,3.9244791666666665
