patch_label,pair_count,mean_delta,max_delta,min_delta,flip_rate,mean_base_logit_diff
contrastive_pre12_all,18,-0.6935763888888888,-0.09375,-1.34375,0.16666666666666666,3.9244791666666665
contrastive_pre12_mean_delta,18,-0.6935763888888888,-0.09375,-1.34375,0.16666666666666666,3.9244791666666665
contrastive_pre12_logit_readout,18,-0.002170138888888889,0.015625,-0.015625,0.0,3.9244791666666665
