patch_label,pair_count,mean_delta,max_delta,min_delta,flip_rate,mean_base_logit_diff
h12.15+h12.5,18,-0.9322916666666666,0.15625,-2.046875,0.05555555555555555,3.9244791666666665
