layer,resid_kind,subspace_dim,pair_count,mean_delta,max_delta,min_delta,flip_rate,mean_base_logit_diff
13,pre,1,18,-0.06163194444444445,0.359375,-0.34375,0.0,3.9244791666666665
13,pre,2,18,-0.00390625,0.40625,-0.3125,0.05555555555555555,3.9244791666666665
13,pre,4,18,0.024739583333333332,0.296875,-0.75,0.0,3.9244791666666665
13,pre,8,18,-0.08723958333333333,0.90625,-0.890625,0.05555555555555555,3.9244791666666665
