layer,head,pair_count,mean_delta,max_delta,min_delta,flip_rate
0,11,18,-0.3028971354166667,0.005859375,-0.56494140625,0.9444444444444444
0,9,18,-0.2826063368055556,0.0654296875,-0.7001953125,0.9444444444444444
0,23,18,0.2572157118055556,0.39404296875,0.134765625,0.6666666666666666
0,8,18,0.10967339409722222,0.40869140625,-0.19140625,0.6111111111111112
