layer,component,pair_count,mean_delta,max_delta,min_delta,flip_rate,mean_base_logit_diff
10,mlp,18,-1.6948784722222223,1.15625,-5.875,0.1111111111111111,3.9244791666666665
6,mlp,18,-1.38671875,2.328125,-5.859375,0.05555555555555555,3.9244791666666665
13,mlp,18,-0.1467013888888889,1.515625,-3.25,0.1111111111111111,3.9244791666666665
