patch_label,pair_count,mean_delta,max_delta,min_delta,flip_rate,mean_base_logit_diff
h12.15+h12.5+h12.4,18,-3.275173611111111,-0.328125,-8.3125,0.3888888888888889,3.9244791666666665
