layer,head,pair_count,mean_delta,max_delta,min_delta,flip_rate
0,11,18,-0.3006184895833333,0.009765625,-0.560546875,0.9444444444444444
0,9,18,-0.2826063368055556,0.0615234375,-0.6982421875,0.9444444444444444
0,23,18,0.2577582465277778,0.3837890625,0.1298828125,0.6666666666666666
0,8,18,0.11043294270833333,0.408203125,-0.1884765625,0.6111111111111112
