patch_label,pair_count,mean_delta,max_delta,min_delta,flip_rate,mean_base_logit_diff
contrastive_pre13_all,18,-1.32421875,-0.296875,-3.015625,0.2222222222222222,3.9244791666666665
contrastive_pre13_mean_delta,18,-1.3233506944444444,-0.296875,-3.046875,0.2222222222222222,3.9244791666666665
contrastive_pre13_logit_readout,18,-0.002170138888888889,0.015625,-0.03125,0.0,3.9244791666666665
