layer,head,pair_count,mean_delta,max_delta,min_delta,flip_rate
0,9,18,-0.068603515625,0.1376953125,-0.154296875,1.0
0,8,18,-0.017469618055555556,0.1591796875,-0.109375,1.0
0,23,18,0.054877387152777776,0.19482421875,-0.06396484375,1.0
0,11,18,0.0812717013888889,0.2294921875,-0.1083984375,1.0
