layer,group_size,neurons,pair_count,mean_delta,max_delta,min_delta,flip_rate,mean_base_logit_diff
6,3,"1312,2922,6945",18,0.15494791666666666,0.328125,-0.0625,0.0,3.9244791666666665
6,5,"1312,2874,2922,6945,13539",18,0.05295138888888889,0.25,-0.15625,0.0,3.9244791666666665
10,3,"1970,3026,9925",18,0.1232638888888889,0.3125,-0.03125,0.0,3.9244791666666665
10,5,"1208,1970,3026,5997,9925",18,0.1931423611111111,0.484375,-0.03125,0.0,3.9244791666666665
13,3,"6560,7917,12707",18,0.14539930555555555,0.296875,0.0,0.0,3.9244791666666665
13,5,"4432,6560,7374,7917,12707",18,0.04079861111111111,0.15625,-0.1171875,0.0,3.9244791666666665
