layer,head,pair_count,mean_attention_delta,max_attention_delta
0,11,18,0.005958261873780025,0.008384492248296738
0,9,18,0.0037196454488568837,0.010740524157881737
0,8,18,0.002569733653217554,0.004225560463964939
0,27,17,0.004684394280261853,0.006680043414235115
0,25,15,0.002277070190757513,0.004763818811625242
0,23,3,0.002678059972822666,0.0051530273631215096
0,7,1,0.004624355584383011,0.004624355584383011
