layer,head,pair_count,mean_delta,max_delta,min_delta,flip_rate
12,4,2,-2.1796875,-1.046875,-3.3125,0.0
12,15,2,-0.75,-0.625,-0.875,0.0
0,11,2,-0.65625,-0.59375,-0.71875,0.0
12,5,2,-0.4609375,-0.296875,-0.625,0.0
