layer,head,base_logit_diff,ablated_logit_diff,delta_logit_diff,effect_pct,pair_idx,pair_indicator,benign_filename,malicious_filename,base_benign_logit_diff,flip_to_benign
0,11,1.453125,0.703125,-0.75,-51.61290322580645,3,DownloadFile,2670.ps1,1611.ps1,-1.4375,False
12,15,1.453125,1.234375,-0.21875,-15.053763440860216,3,DownloadFile,2670.ps1,1611.ps1,-1.4375,False
12,5,1.453125,1.53125,0.078125,5.376344086021505,3,DownloadFile,2670.ps1,1611.ps1,-1.4375,False
12,4,1.453125,1.546875,0.09375,6.451612903225806,3,DownloadFile,2670.ps1,1611.ps1,-1.4375,False
12,4,5.171875,3.953125,-1.21875,-23.564954682779458,4,DownloadFile,2670.ps1,4030.ps1,-1.4375,False
0,11,5.171875,4.5625,-0.609375,-11.782477341389729,4,DownloadFile,2670.ps1,4030.ps1,-1.4375,False
12,5,5.171875,4.796875,-0.375,-7.250755287009064,4,DownloadFile,2670.ps1,4030.ps1,-1.4375,False
12,15,5.171875,4.984375,-0.1875,-3.625377643504532,4,DownloadFile,2670.ps1,4030.ps1,-1.4375,False
