layer,head,base_logit_diff,patched_logit_diff,delta_logit_diff,effect_pct,pair_idx,pair_indicator,benign_filename,malicious_filename,base_benign_logit_diff,flip_to_benign
12,4,1.453125,0.40625,-1.046875,-72.04301075268818,3,DownloadFile,2670.ps1,1611.ps1,-1.4375,False
0,11,1.453125,0.734375,-0.71875,-49.46236559139785,3,DownloadFile,2670.ps1,1611.ps1,-1.4375,False
12,15,1.453125,0.828125,-0.625,-43.01075268817204,3,DownloadFile,2670.ps1,1611.ps1,-1.4375,False
12,5,1.453125,1.15625,-0.296875,-20.43010752688172,3,DownloadFile,2670.ps1,1611.ps1,-1.4375,False
12,4,5.171875,1.859375,-3.3125,-64.04833836858006,4,DownloadFile,2670.ps1,4030.ps1,-1.4375,False
12,15,5.171875,4.296875,-0.875,-16.91842900302115,4,DownloadFile,2670.ps1,4030.ps1,-1.4375,False
12,5,5.171875,4.546875,-0.625,-12.084592145015106,4,DownloadFile,2670.ps1,4030.ps1,-1.4375,False
0,11,5.171875,4.578125,-0.59375,-11.48036253776435,4,DownloadFile,2670.ps1,4030.ps1,-1.4375,False
