layer,head,pair_count,mean_delta,max_delta,min_delta,flip_rate
0,11,2,-0.6796875,-0.609375,-0.75,0.0
12,4,2,-0.5625,0.09375,-1.21875,0.0
12,15,2,-0.203125,-0.1875,-0.21875,0.0
12,5,2,-0.1484375,0.078125,-0.375,0.0
