layer,head,pair_count,mean_delta,max_delta,min_delta,flip_rate
0,11,18,-0.2788628472222222,-0.044921875,-0.466796875,1.0
0,9,18,-0.048638237847222224,0.087890625,-0.12744140625,1.0
0,23,18,-0.03895399305555555,0.4326171875,-0.23828125,1.0
0,8,18,0.04880099826388889,0.14453125,-0.05859375,1.0
