layer,head,base_logit_diff,ablated_logit_diff,delta_logit_diff,effect_pct,pair_idx,benign_filename,malicious_filename,base_benign_logit_diff,flip_to_benign
0,11,-0.7607421875,-1.25390625,-0.4931640625,-64.82670089858793,1,1735.ps1,3321.ps1,-0.369140625,True
0,9,-0.7607421875,-1.16015625,-0.3994140625,-52.503209242618745,1,1735.ps1,3321.ps1,-0.369140625,True
0,8,-0.7607421875,-0.68994140625,0.07080078125,9.306803594351733,1,1735.ps1,3321.ps1,-0.369140625,True
0,23,-0.7607421875,-0.4013671875,0.359375,47.2400513478819,1,1735.ps1,3321.ps1,-0.369140625,True
